{
  "fallback": "cavernous:village/stone/terminators",
  "elements": [
    {
      "weight": 2,
      "element": {
        "element_type": "minecraft:single_pool_element",
        "location": "cavernous:village/stone/streets/end",
        "projection": "rigid",
        "processors": "cavernous:stone_village"
      }
    },
    {
      "weight": 3,
      "element": {
        "element_type": "minecraft:single_pool_element",
        "location": "cavernous:village/stone/streets/curve",
        "projection": "rigid",
        "processors": "cavernous:stone_village"
      }
    },
    {
      "weight": 3,
      "element": {
        "element_type": "minecraft:single_pool_element",
        "location": "cavernous:village/stone/streets/farm",
        "projection": "rigid",
        "processors": "cavernous:stone_village"
      }
    },
    {
      "weight": 7,
      "element": {
        "element_type": "minecraft:single_pool_element",
        "location": "cavernous:village/stone/streets/medium",
        "projection": "rigid",
        "processors": "cavernous:stone_village"
      }
    },
    {
      "weight": 4,
      "element": {
        "element_type": "minecraft:single_pool_element",
        "location": "cavernous:village/stone/streets/long",
        "projection": "rigid",
        "processors": "cavernous:stone_village"
      }
    },
    {
      "weight": 5,
      "element": {
        "element_type": "minecraft:single_pool_element",
        "location": "cavernous:village/stone/streets/t",
        "projection": "rigid",
        "processors": "cavernous:stone_village"
      }
    },
    {
      "weight": 3,
      "element": {
        "element_type": "minecraft:single_pool_element",
        "location": "cavernous:village/stone/streets/x",
        "projection": "rigid",
        "processors": "cavernous:stone_village"
      }
    }
  ]
}