{
	"fallback": "minecraft:empty",
	"elements": [
		{
			"weight": 1,
			"element": {
				"element_type": "minecraft:legacy_single_pool_element",
				"projection": "rigid",
				"location": "minecraft:village/common/iron_golem",
				"processors": "minecraft:empty"
			}
		},
		{
			"weight": 5,
			"element": {
				"element_type": "minecraft:legacy_single_pool_element",
				"projection": "rigid",
				"location": "minecraft:village/common/animals/pigs_1",
				"processors": "minecraft:empty"
			}
		},
		{
			"weight": 5,
			"element": {
				"element_type": "minecraft:legacy_single_pool_element",
				"projection": "rigid",
				"location": "minecraft:village/common/animals/sheep_1",
				"processors": "minecraft:empty"
			}
		},
		{
			"weight": 5,
			"element": {
				"element_type": "minecraft:legacy_single_pool_element",
				"projection": "rigid",
				"location": "minecraft:village/common/animals/cows_1",
				"processors": "minecraft:empty"
			}
		},
		{
			"weight": 2,
			"element": {
				"element_type": "minecraft:empty_pool_element"
			}
		}
	]
}
